best_ans_score_knn,best_ans_score_mc,ans_knn_shape,ans_mc_shape,knn_solving_time,mc_solving_time
1.6666666666666665,3.0,"(3, 1)","(1, 1)",0.01033609999996088,60.0204698
1.6666666666666665,3.0,"(3, 1)","(1, 3)",0.01168680000000677,60.02414250000004
